CREATE DATABASE  IF NOT EXISTS `ecf`;
USE `ecf`;

DROP TABLE IF EXISTS `avis`;
CREATE TABLE `avis` (
                      `idAvisAttente` int NOT NULL AUTO_INCREMENT,
                      `Note` int DEFAULT NULL,
                      `commentaire` text,
                      `dateAvis` datetime DEFAULT CURRENT_TIMESTAMP,
                      `idUtilisateur` int NOT NULL,
                      `seance_id` int NOT NULL,
                      `valide` tinyint(1) DEFAULT '0',
                      PRIMARY KEY (`idAvisAttente`),
                      KEY `fk_avis_seance` (`seance_id`),
                      KEY `fk_avis_utilisateur` (`idUtilisateur`),
                      CONSTRAINT `avis_ibfk_2` FOREIGN KEY (`idUtilisateur`) REFERENCES `utilisateurs` (`idUtilisateurs`),
                      CONSTRAINT `fk_avis_seance` FOREIGN KEY (`seance_id`) REFERENCES `seance` (`idSeance`),
                      CONSTRAINT `fk_avis_utilisateur` FOREIGN KEY (`idUtilisateur`) REFERENCES `utilisateurs` (`idUtilisateurs`) ON DELETE CASCADE,
                      CONSTRAINT `avis_chk_1` CHECK ((`Note` between 1 and 5))
) ENGINE=InnoDB AUTO_INCREMENT=25 DEFAULT CHARSET=utf8mb4 COLLATE=utf8mb4_0900_ai_ci;
LOCK TABLES `avis` WRITE;
INSERT INTO `avis` VALUES (23,5,'super !','2025-09-23 12:32:48',1,67,1),(24,5,'Ce film est à voir et à revoir, un vrai moment de rire et de complicité avec les enfants ! La 4Dx Rajoute vraiment un effet incroyable aux animations','2025-09-23 15:31:26',1,67,1);
UNLOCK TABLES;

DROP TABLE IF EXISTS `cinema`;
CREATE TABLE `cinema` (
                        `idCinema` int NOT NULL AUTO_INCREMENT,
                        `villeCinema` varchar(255) NOT NULL,
                        PRIMARY KEY (`idCinema`)
) ENGINE=InnoDB AUTO_INCREMENT=8 DEFAULT CHARSET=utf8mb4 COLLATE=utf8mb4_0900_ai_ci;
LOCK TABLES `cinema` WRITE;
INSERT INTO `cinema` VALUES (1,'Nantes'),(2,'Bordeaux'),(3,'Paris'),(4,'Toulouse'),(5,'Lille'),(6,'Charleroi'),(7,'Lièges');
UNLOCK TABLES;

DROP TABLE IF EXISTS `defaillances`;
CREATE TABLE `defaillances` (
                              `idDefaut` int NOT NULL AUTO_INCREMENT,
                              `typeDefaillance` varchar(255) NOT NULL,
                              PRIMARY KEY (`idDefaut`)
) ENGINE=InnoDB DEFAULT CHARSET=utf8mb4 COLLATE=utf8mb4_0900_ai_ci;
LOCK TABLES `defaillances` WRITE;
UNLOCK TABLES;

DROP TABLE IF EXISTS `filmcinema`;
CREATE TABLE `filmcinema` (
                            `idFilm` int NOT NULL,
                            `idCinema` int NOT NULL,
                            PRIMARY KEY (`idFilm`,`idCinema`),
                            KEY `idCinema` (`idCinema`),
                            CONSTRAINT `filmcinema_ibfk_1` FOREIGN KEY (`idFilm`) REFERENCES `films` (`idFilms`),
                            CONSTRAINT `filmcinema_ibfk_2` FOREIGN KEY (`idCinema`) REFERENCES `cinema` (`idCinema`)
) ENGINE=InnoDB DEFAULT CHARSET=utf8mb4 COLLATE=utf8mb4_0900_ai_ci;
LOCK TABLES `filmcinema` WRITE;
INSERT INTO `filmcinema` VALUES (9,1),(11,1),(14,1),(1,2),(8,2),(9,2),(11,2),(17,2),(19,2),(1,3),(6,3),(7,3),(8,3),(16,3),(18,3),(1,4),(7,4),(10,4),(1,5),(6,5),(7,5),(8,5),(9,5),(12,5),(13,5),(16,5),(1,6),(7,6),(8,6),(10,6),(12,6),(15,6),(16,6),(1,7),(7,7),(11,7);
UNLOCK TABLES;

DROP TABLE IF EXISTS `films`;
CREATE TABLE `films` (
                       `idFilms` int NOT NULL AUTO_INCREMENT,
                       `titre` varchar(255) NOT NULL,
                       `duree` int DEFAULT NULL,
                       `genre` varchar(100) DEFAULT NULL,
                       `description` text,
                       `note` int DEFAULT NULL,
                       `date_sortie` date DEFAULT NULL,
                       `image_url` varchar(255) DEFAULT NULL,
                       `coeur` tinyint(1) DEFAULT '0',
                       `pegi` int DEFAULT NULL,
                       PRIMARY KEY (`idFilms`),
                       UNIQUE KEY `unique_titre` (`titre`)
) ENGINE=InnoDB AUTO_INCREMENT=29 DEFAULT CHARSET=utf8mb4 COLLATE=utf8mb4_0900_ai_ci;
LOCK TABLES `films` WRITE;
INSERT INTO `films` VALUES (1,'Back in Action',114,'Action/Comédie','Quinze ans après s\'être éclipsés de la CIA pour fonder une famille, Matt et Emily, espions d\'élite, replongent dans le monde de l\'espionnage lorsque leur couverture est compromise.',NULL,'2025-01-17','assets/films/BackInAction.jpg',1,NULL),(6,'Les 4 Fantastiques',115,'Action/SF','Dans les années 1960, dans un New York alternatif aux allures rétrofuturiste, l\'équipe de super-héros des Quatre Fantastiques fait face à l\'arrivée de Galactus, le dévoreur de Mondes.',NULL,'2025-07-23','assets/films/4fantastiques.jpg',1,NULL),(7,'Dora : à la recherche du sol Dorado',96,'Familial','Accompagnée de Diego et de Babouche, Dora se lance dans son aventure la plus audacieuse en traversant les jungles de l\'Amazonie à la recherche du Sol Dorado, un ancien trésor qui lui permettra de réaliser un vœu magique.',NULL,'2025-07-02','assets/films/dora.jpg',0,NULL),(8,'Dragons',125,'Aventure','Sur la rude île de Berk, où les Vikings et les dragons sont des ennemis jurés depuis des générations, Harold se distingue. Fils inventif, mais négligé du chef Stoïck la brute, Harold défie des siècles de tradition en se liant d\'amitié avec le dragon Krokmou, une Furie Nocturne.',NULL,'2025-06-11','assets/films/dragons.jpg',1,NULL),(9,'Elio',99,'Familial','Elio, un petit garçon à l\'imagination débordante, se retrouve par inadvertance téléporté au Communiverse, une organisation interplanétaire composée de représentants de galaxies très éloignées. Identifié à tort par ces éminences comme l\'ambassadeur de la Terre, Elio est tout sauf préparé à une telle pression.',NULL,'2025-06-18','assets/films/elio.jpg',0,NULL),(10,'L\'Empereur de Paris',119,'Historique/Policier','Sous le règne de Napoléon, François Vidocq, le seul homme à s\'être échappé des plus grands bagnes du pays, est une légende des bas-fonds parisiens. Laissé pour mort après sa dernière évasion spectaculaire, l\'ex-bagnard essaye de se faire oublier sous les traits d\'un simple commerçant. Son passé le rattrape pourtant, et, après avoir été accusé d\'un meurtre qu\'il n\'a pas commis, il propose un marché au chef de la sûreté : il rejoint la police pour combattre la pègre, en échange de sa liberté. Malgré des résultats exceptionnels, il provoque l\'hostilité de ses confrères policiers et la fureur de la pègre qui a mis sa tête à prix.',NULL,'2018-12-19','assets/films/EmpereurDeParis.jpg',0,12),(11,'Evanouis',128,'Horreur','En plein coeur de la nuit, les 17 enfants d\'une classe de l\'école primaire de Maybrook aux États-Unis se réveillent à une heure précise et s\'enfuient de leurs foyers. Mus par une force inébranlable, ils sont partis à la course et personne ne sait où ils s\'en sont allés. Tous ont disparu, sauf un.',NULL,'2025-08-06','assets/films/evanouis.jpg',1,18),(12,'Falcon Express',86,'Familial','Des animaux de compagnie, piégés dans un train lancé à toute allure, doivent déjouer les plans de Hans, un blaireau rancunier en quête de vengeance. Alors que le crash semble inévitable, les animaux peuvent compter sur Falcon, un raton-laveur filou et débrouillard, prêt à tout pour les sauver.',NULL,'2025-07-02','assets/films/falconExpress.jpg',0,NULL),(13,'Flow',85,'Familial','Dans un monde bientôt englouti, sans humains ni paroles mais plein de vie, un chat et ses amis survivent sur un bateau à la dérive. Tous devront désormais apprendre à surmonter leurs différences et à s’adapter au nouveau monde qui s’impose à eux.',NULL,'2025-03-05','assets/films/flow.jpg',0,NULL),(14,'Le Grand Déplacement',83,'Comédie','Dans le plus grand des secrets, se prépare à décoller la première mission spatiale africaine. L\'équipage, issu du continent et de sa diaspora, doit explorer la planète \"NARDAL\", afin d\'évaluer la possibilité d\'y ramener tous les Africains si jamais la Terre devenait inhabitable. Le problème, c\'est que le voyage sera long. Très long. Et que la plus grande inconnue des missions interstellaires demeure l\'entente entre les astronautes.',NULL,'2025-06-25','assets/films/GrandDeplacement.jpg',0,NULL),(15,'Lilo & Stitch',108,'Familial','L\'histoire touchante et drôle d\'une petite fille hawaïenne solitaire et d\'un extra-terrestre fugitif qui l\'aide à renouer le lien avec sa famille.',NULL,'2025-05-21','assets/films/LiloStitch.jpg',0,NULL),(16,'Jurassic World : Renaissance',133,'Action/SF','Zora Bennett dirige une équipe d\'agents dans l\'endroit le plus dangereux de la planète : une île abritant le centre de recherche du Jurassic Park original. Leur mission est d\'obtenir du matériel génétique de dinosaures dont l\'ADN peut sauver des vies humaines. Alors que l\'expédition top secrète devient de plus en plus risquée, ils font bientôt une découverte sinistre et choquante qui a été cachée au monde entier pendant des décennies.',NULL,'2025-07-04','assets/films/mondeJurassic.jpg',1,NULL),(17,'Superman',129,'Action/SF','Superman entreprend un voyage pour réconcilier son héritage kryptonien avec son éducation humaine en tant que Clark Kent lorsqu\'il est pris dans des conflits à domicile ainsi qu\'à l\'étranger, offrant à Lex Luthor l\'occasion opportune de se débarrasser de lui, et ce, une fois pour toutes.',NULL,'2025-07-09','assets/films/superman.jpg',0,NULL),(18,'Together',102,'Horreur','Tim et Millie sont ensemble depuis des années quand ils décident de tout abandonner pour s\'installer à la campagne. Alors que les tensions sont déjà vives, une force surnaturelle transforme leur rêve en cauchemar, menaçant leur relation, leur amour et jusqu\'à leur intégrité physique.',NULL,'2025-08-13','assets/films/together.png',0,18),(19,'God Save the Tuche',95,'Comédie','Les Tuche mènent à nouveau une vie paisible à Bouzolles, mais lorsque le petit-fils de Jeff et Cathy est sélectionné pour un stage de football à Londres, c\'est l\'occasion rêvée pour toute la famille d\'aller découvrir l\'Angleterre et de rencontrer la famille royale.',NULL,'2025-02-02','assets/films/tuche.jpg',0,NULL),(20,'Marche ou crève',118,'Thriller','Dans un futur totalitaire, 100 jeunes hommes participent à une marche mortelle où seul le dernier survivant est épargné. Adapté du roman de Stephen King, ce thriller psychologique dystopique explore les limites humaines face à l’oppression.',NULL,'2025-09-18','assets/films/longWalk.jpg',1,NULL),(21,'Conjuring: L\'Heure du jugement',112,'Horreur','Ed et Lorraine Warren affrontent leur dernier cas paranormal dans une enquête inspirée du dossier Smurl. Une conclusion sombre et spirituelle à la saga culte.',NULL,'2025-09-05','assets/films/conjuring.jpg',1,18),(22,'September 5',94,'Thriller','Pendant les JO de Munich 1972, une équipe de journalistes américains couvre en direct la prise d’otages israélienne. Un regard intense sur les coulisses du journalisme en temps de crise.',NULL,'2025-09-05','assets/films/september5.jpg',0,NULL),(23,'Sur la route de papa',91,'Comédie','Prêt à partir en vacances, Kamel se retrouve obligé de changer ses plans à la dernière minute pour prendre la route du bled avec sa mère. À bord de la vieille Renault 21, un long périple commence pour Kamel et sa famille.',NULL,'2025-09-24','assets/films/routePapa.jpg',1,NULL),(28,'On Ira',97,'Comédie','Marie, 80 ans, en a ras le bol de sa maladie. Elle a un plan: partir en Suisse pour mettre fin à ses jours. Cependant, au moment de l\'annoncer à Bruno, son fils irresponsable, et Anna, sa petite-fille en crise d\'ado, elle panique et invente un énorme mensonge.',NULL,'2025-09-24','assets/films/onIra.jpg',0,NULL);
UNLOCK TABLES;

DROP TABLE IF EXISTS `qualite`;
CREATE TABLE `qualite` (
                         `idQualite` int NOT NULL AUTO_INCREMENT,
                         `Type` varchar(255) NOT NULL,
                         `Prix` decimal(15,2) NOT NULL,
                         PRIMARY KEY (`idQualite`)
) ENGINE=InnoDB AUTO_INCREMENT=8 DEFAULT CHARSET=utf8mb4 COLLATE=utf8mb4_0900_ai_ci;
LOCK TABLES `qualite` WRITE;
INSERT INTO `qualite` VALUES (1,'Standard',8.00),(2,'3D',8.50),(3,'4Dx',9.00),(4,'IMax',9.50),(5,'IMaxDolby',10.00),(6,'OLED',10.00),(7,'ScreenX',12.00);
UNLOCK TABLES;

DROP TABLE IF EXISTS `reservation_sieges`;
CREATE TABLE `reservation_sieges` (
                                    `idResa` int NOT NULL AUTO_INCREMENT,
                                    `reservation_id` int DEFAULT NULL,
                                    `siege_id` int DEFAULT NULL,
                                    PRIMARY KEY (`idResa`),
                                    KEY `reservation_id` (`reservation_id`),
                                    KEY `siege_id` (`siege_id`),
                                    CONSTRAINT `reservation_sieges_ibfk_1` FOREIGN KEY (`reservation_id`) REFERENCES `reservations` (`idReservation`),
                                    CONSTRAINT `reservation_sieges_ibfk_2` FOREIGN KEY (`siege_id`) REFERENCES `sieges` (`idSiege`)
) ENGINE=InnoDB AUTO_INCREMENT=34 DEFAULT CHARSET=utf8mb4 COLLATE=utf8mb4_0900_ai_ci;
LOCK TABLES `reservation_sieges` WRITE;
INSERT INTO `reservation_sieges` VALUES (33,41,243);
UNLOCK TABLES;

DROP TABLE IF EXISTS `reservations`;
CREATE TABLE `reservations` (
                              `idReservation` int NOT NULL AUTO_INCREMENT,
                              `utilisateur_id` int DEFAULT NULL,
                              `seance_id` int DEFAULT NULL,
                              `date_resa` datetime DEFAULT CURRENT_TIMESTAMP,
                              PRIMARY KEY (`idReservation`),
                              KEY `utilisateur_id` (`utilisateur_id`),
                              KEY `reservations_ibfk_1` (`seance_id`),
                              CONSTRAINT `reservations_ibfk_1` FOREIGN KEY (`seance_id`) REFERENCES `seance` (`idSeance`) ON DELETE CASCADE,
                              CONSTRAINT `reservations_ibfk_2` FOREIGN KEY (`seance_id`) REFERENCES `seance` (`idSeance`) ON DELETE CASCADE
) ENGINE=InnoDB AUTO_INCREMENT=42 DEFAULT CHARSET=utf8mb4 COLLATE=utf8mb4_0900_ai_ci;
LOCK TABLES `reservations` WRITE;
INSERT INTO `reservations` VALUES (41,1,67,'2025-09-23 12:00:27');
UNLOCK TABLES;

DROP TABLE IF EXISTS `salles`;
CREATE TABLE `salles` (
                        `idSalles` int NOT NULL AUTO_INCREMENT,
                        `nomSalle` varchar(255) NOT NULL,
                        `capacite` int DEFAULT '100',
                        `idCinema` int DEFAULT NULL,
                        `idQualite` int DEFAULT NULL,
                        PRIMARY KEY (`idSalles`),
                        KEY `fk_salles_cinema` (`idCinema`),
                        KEY `fk_salle_qualite` (`idQualite`),
                        CONSTRAINT `fk_salle_qualite` FOREIGN KEY (`idQualite`) REFERENCES `qualite` (`idQualite`),
                        CONSTRAINT `fk_salles_cinema` FOREIGN KEY (`idCinema`) REFERENCES `cinema` (`idCinema`) ON DELETE CASCADE
) ENGINE=InnoDB AUTO_INCREMENT=32 DEFAULT CHARSET=utf8mb4 COLLATE=utf8mb4_0900_ai_ci;
LOCK TABLES `salles` WRITE;
INSERT INTO `salles` VALUES (1,'Salle 1',97,1,1),(2,'Salle 2',100,1,2),(3,'Salle 3',99,1,3),(4,'Salle 1',100,2,4),(5,'Salle 2',100,2,5),(6,'Salle 3',100,2,6),(7,'Salle 1',100,3,7),(8,'Salle 2',100,3,2),(9,'Salle 3',100,3,7),(10,'Salle 1',100,4,7),(11,'Salle 2',100,4,7),(12,'Salle 3',100,4,5),(13,'Salle 1',100,5,4),(14,'Salle 2',100,5,6),(15,'Salle 3',100,5,4),(16,'Salle 1',100,6,6),(17,'Salle 2',100,6,6),(18,'Salle 3',100,6,4),(19,'Salle 1',100,7,7),(20,'Salle 2',100,7,2),(21,'Salle 3',100,7,3);
UNLOCK TABLES;

DROP TABLE IF EXISTS `seance`;
CREATE TABLE `seance` (
                        `idSeance` int NOT NULL AUTO_INCREMENT,
                        `date` date NOT NULL,
                        `heure` time NOT NULL,
                        `langue` varchar(50) DEFAULT NULL,
                        `films_id` int NOT NULL,
                        `salle_id` int DEFAULT NULL,
                        PRIMARY KEY (`idSeance`),
                        UNIQUE KEY `salle_id` (`salle_id`,`date`,`heure`),
                        KEY `films_id` (`films_id`),
                        CONSTRAINT `fk_seances_salle` FOREIGN KEY (`salle_id`) REFERENCES `salles` (`idSalles`) ON DELETE SET NULL,
                        CONSTRAINT `seance_ibfk_5` FOREIGN KEY (`films_id`) REFERENCES `films` (`idFilms`)
) ENGINE=InnoDB AUTO_INCREMENT=112 DEFAULT CHARSET=utf8mb4 COLLATE=utf8mb4_0900_ai_ci;
LOCK TABLES `seance` WRITE;
INSERT INTO `seance` VALUES (66,'2025-09-27','16:30:00','VF',9,1),(67,'2025-09-27','10:30:00','VF',9,3),(68,'2025-09-27','16:30:00','VF',11,2),(69,'2025-09-27','21:30:00','VF',11,1),(70,'2025-09-27','10:00:00','VF',8,4),(71,'2025-09-27','16:30:00','VF',9,4),(72,'2025-09-27','20:00:00','VF',9,4),(73,'2025-09-27','16:30:00','VF',19,5),(74,'2025-09-27','21:30:00','VF',1,5),(75,'2025-09-27','21:00:00','VF',11,6),(76,'2025-09-27','23:30:00','VF',17,6),(77,'2025-09-27','10:00:00','VF',7,7),(78,'2025-09-27','16:30:00','VF',8,7),(79,'2025-09-27','20:00:00','VF',16,7),(80,'2025-09-27','16:30:00','VF',1,8),(81,'2025-09-27','21:30:00','VF',18,8),(82,'2025-09-27','21:00:00','VF',6,9),(83,'2025-09-27','23:30:00','VF',8,9),(84,'2025-09-27','16:30:00','VF',10,10),(85,'2025-09-27','20:00:00','VF',10,10),(86,'2025-09-27','16:30:00','VF',1,11),(87,'2025-09-27','21:30:00','VF',1,11),(88,'2025-09-27','21:00:00','VF',7,12),(89,'2025-09-27','23:30:00','VF',7,12),(90,'2025-09-27','11:00:00','VF',1,13),(91,'2025-09-27','16:30:00','VF',9,13),(92,'2025-09-27','20:00:00','VF',13,13),(93,'2025-09-27','16:30:00','VF',12,14),(94,'2025-09-27','21:30:00','VF',6,14),(95,'2025-09-27','23:30:00','VF',16,14),(96,'2025-09-27','21:00:00','VF',7,15),(97,'2025-09-27','23:30:00','VF',8,15),(98,'2025-09-27','16:30:00','VF',7,16),(99,'2025-09-27','20:00:00','VF',10,16),(100,'2025-09-27','16:30:00','VF',8,17),(101,'2025-09-27','21:30:00','VF',1,17),(102,'2025-09-27','21:00:00','VF',12,18),(103,'2025-09-27','23:30:00','VF',16,18),(104,'2025-09-27','16:30:00','VF',7,19),(105,'2025-09-27','20:00:00','VF',11,19),(106,'2025-09-27','16:30:00','VF',1,20),(107,'2025-09-27','21:30:00','VF',1,20),(108,'2025-09-27','21:00:00','VF',15,21),(109,'2025-09-27','23:30:00','VF',15,21),(110,'2025-09-27','11:00:00','VF',14,2),(111,'2025-09-27','12:30:00','VF',14,1);
UNLOCK TABLES;

DROP TABLE IF EXISTS `sieges`;
CREATE TABLE `sieges` (
                        `idSiege` int NOT NULL AUTO_INCREMENT,
                        `rang` varchar(10) DEFAULT NULL,
                        `numero` int DEFAULT NULL,
                        `estPMR` tinyint(1) DEFAULT '0',
                        `salle_id` int DEFAULT NULL,
                        `dispo` tinyint(1) DEFAULT '1',
                        PRIMARY KEY (`idSiege`),
                        KEY `salle_id` (`salle_id`),
                        CONSTRAINT `sieges_ibfk_1` FOREIGN KEY (`salle_id`) REFERENCES `salles` (`idSalles`) ON DELETE CASCADE
) ENGINE=InnoDB AUTO_INCREMENT=4096 DEFAULT CHARSET=utf8mb4 COLLATE=utf8mb4_0900_ai_ci;
LOCK TABLES `sieges` WRITE;
INSERT INTO `sieges` VALUES (1,'A',20,1,1,1),(2,'B',20,0,1,1),(3,'C',20,0,1,1),(4,'D',20,0,1,1),(5,'E',20,0,1,1),(6,'A',19,1,1,1),(7,'B',19,0,1,1),(8,'C',19,0,1,1),(9,'D',19,0,1,1),(10,'E',19,0,1,1),(11,'A',18,1,1,1),(12,'B',18,0,1,1),(13,'C',18,0,1,1),(14,'D',18,0,1,1),(15,'E',18,0,1,1),(16,'A',17,1,1,1),(17,'B',17,0,1,1),(18,'C',17,0,1,1),(19,'D',17,0,1,1),(20,'E',17,0,1,1),(21,'A',16,0,1,1),(22,'B',16,0,1,1),(23,'C',16,0,1,1),(24,'D',16,0,1,1),(25,'E',16,0,1,1),(26,'A',15,0,1,1),(27,'B',15,0,1,1),(28,'C',15,0,1,1),(29,'D',15,0,1,1),(30,'E',15,0,1,1),(31,'A',14,0,1,1),(32,'B',14,0,1,1),(33,'C',14,0,1,1),(34,'D',14,0,1,1),(35,'E',14,0,1,1),(36,'A',13,0,1,1),(37,'B',13,0,1,1),(38,'C',13,0,1,0),(39,'D',13,0,1,1),(40,'E',13,0,1,1),(41,'A',12,0,1,1),(42,'B',12,0,1,1),(43,'C',12,0,1,1),(44,'D',12,0,1,1),(45,'E',12,0,1,1),(46,'A',11,0,1,1),(47,'B',11,0,1,1),(48,'C',11,0,1,1),(49,'D',11,0,1,1),(50,'E',11,0,1,1),(51,'A',10,0,1,1),(52,'B',10,0,1,1),(53,'C',10,0,1,1),(54,'D',10,0,1,1),(55,'E',10,0,1,1),(56,'A',9,0,1,1),(57,'B',9,0,1,1),(58,'C',9,0,1,0),(59,'D',9,0,1,1),(60,'E',9,0,1,1),(61,'A',8,0,1,1),(62,'B',8,0,1,1),(63,'C',8,0,1,0),(64,'D',8,0,1,1),(65,'E',8,0,1,1),(66,'A',7,0,1,1),(67,'B',7,0,1,1),(68,'C',7,0,1,1),(69,'D',7,0,1,1),(70,'E',7,0,1,1),(71,'A',6,0,1,1),(72,'B',6,0,1,1),(73,'C',6,0,1,1),(74,'D',6,0,1,1),(75,'E',6,0,1,1),(76,'A',5,0,1,1),(77,'B',5,0,1,1),(78,'C',5,0,1,1),(79,'D',5,0,1,1),(80,'E',5,0,1,1),(81,'A',4,1,1,1),(82,'B',4,0,1,1),(83,'C',4,0,1,1),(84,'D',4,0,1,1),(85,'E',4,0,1,1),(86,'A',3,1,1,1),(87,'B',3,0,1,1),(88,'C',3,0,1,1),(89,'D',3,0,1,1),(90,'E',3,0,1,1),(91,'A',2,1,1,1),(92,'B',2,0,1,1),(93,'C',2,0,1,1),(94,'D',2,0,1,1),(95,'E',2,0,1,1),(96,'A',1,1,1,1),(97,'B',1,0,1,1),(98,'C',1,0,1,1),(99,'D',1,0,1,1),(100,'E',1,0,1,1),(101,'A',20,1,2,1),(102,'B',20,0,2,1),(103,'C',20,0,2,1),(104,'D',20,0,2,1),(105,'E',20,0,2,1),(106,'A',19,1,2,1),(107,'B',19,0,2,1),(108,'C',19,0,2,1),(109,'D',19,0,2,1),(110,'E',19,0,2,1),(111,'A',18,1,2,1),(112,'B',18,0,2,1),(113,'C',18,0,2,1),(114,'D',18,0,2,1),(115,'E',18,0,2,1),(116,'A',17,1,2,1),(117,'B',17,0,2,1),(118,'C',17,0,2,1),(119,'D',17,0,2,1),(120,'E',17,0,2,1),(121,'A',16,0,2,1),(122,'B',16,0,2,1),(123,'C',16,0,2,1),(124,'D',16,0,2,1),(125,'E',16,0,2,1),(126,'A',15,0,2,1),(127,'B',15,0,2,1),(128,'C',15,0,2,1),(129,'D',15,0,2,1),(130,'E',15,0,2,1),(131,'A',14,0,2,1),(132,'B',14,0,2,1),(133,'C',14,0,2,1),(134,'D',14,0,2,1),(135,'E',14,0,2,1),(136,'A',13,0,2,1),(137,'B',13,0,2,1),(138,'C',13,0,2,1),(139,'D',13,0,2,1),(140,'E',13,0,2,1),(141,'A',12,0,2,1),(142,'B',12,0,2,1),(143,'C',12,0,2,1),(144,'D',12,0,2,1),(145,'E',12,0,2,1),(146,'A',11,0,2,1),(147,'B',11,0,2,1),(148,'C',11,0,2,1),(149,'D',11,0,2,1),(150,'E',11,0,2,1),(151,'A',10,0,2,1),(152,'B',10,0,2,1),(153,'C',10,0,2,1),(154,'D',10,0,2,1),(155,'E',10,0,2,1),(156,'A',9,0,2,1),(157,'B',9,0,2,1),(158,'C',9,0,2,1),(159,'D',9,0,2,1),(160,'E',9,0,2,1),(161,'A',8,0,2,1),(162,'B',8,0,2,1),(163,'C',8,0,2,1),(164,'D',8,0,2,1),(165,'E',8,0,2,1),(166,'A',7,0,2,1),(167,'B',7,0,2,1),(168,'C',7,0,2,1),(169,'D',7,0,2,1),(170,'E',7,0,2,1),(171,'A',6,0,2,1),(172,'B',6,0,2,1),(173,'C',6,0,2,1),(174,'D',6,0,2,1),(175,'E',6,0,2,1),(176,'A',5,0,2,1),(177,'B',5,0,2,1),(178,'C',5,0,2,1),(179,'D',5,0,2,1),(180,'E',5,0,2,1),(181,'A',4,1,2,1),(182,'B',4,0,2,1),(183,'C',4,0,2,1),(184,'D',4,0,2,1),(185,'E',4,0,2,1),(186,'A',3,1,2,1),(187,'B',3,0,2,1),(188,'C',3,0,2,1),(189,'D',3,0,2,1),(190,'E',3,0,2,1),(191,'A',2,1,2,1),(192,'B',2,0,2,1),(193,'C',2,0,2,1),(194,'D',2,0,2,1),(195,'E',2,0,2,1),(196,'A',1,1,2,1),(197,'B',1,0,2,1),(198,'C',1,0,2,1),(199,'D',1,0,2,1),(200,'E',1,0,2,1),(201,'A',20,1,3,1),(202,'B',20,0,3,1),(203,'C',20,0,3,1),(204,'D',20,0,3,1),(205,'E',20,0,3,1),(206,'A',19,1,3,1),(207,'B',19,0,3,1),(208,'C',19,0,3,1),(209,'D',19,0,3,1),(210,'E',19,0,3,1),(211,'A',18,1,3,1),(212,'B',18,0,3,1),(213,'C',18,0,3,1),(214,'D',18,0,3,1),(215,'E',18,0,3,1),(216,'A',17,1,3,1),(217,'B',17,0,3,1),(218,'C',17,0,3,1),(219,'D',17,0,3,1),(220,'E',17,0,3,1),(221,'A',16,0,3,1),(222,'B',16,0,3,1),(223,'C',16,0,3,1),(224,'D',16,0,3,1),(225,'E',16,0,3,1),(226,'A',15,0,3,1),(227,'B',15,0,3,1),(228,'C',15,0,3,1),(229,'D',15,0,3,1),(230,'E',15,0,3,1),(231,'A',14,0,3,1),(232,'B',14,0,3,1),(233,'C',14,0,3,1),(234,'D',14,0,3,1),(235,'E',14,0,3,1),(236,'A',13,0,3,1),(237,'B',13,0,3,1),(238,'C',13,0,3,1),(239,'D',13,0,3,1),(240,'E',13,0,3,1),(241,'A',12,0,3,1),(242,'B',12,0,3,1),(243,'C',12,0,3,0),(244,'D',12,0,3,1),(245,'E',12,0,3,1),(246,'A',11,0,3,1),(247,'B',11,0,3,1),(248,'C',11,0,3,1),(249,'D',11,0,3,1),(250,'E',11,0,3,1),(251,'A',10,0,3,1),(252,'B',10,0,3,1),(253,'C',10,0,3,1),(254,'D',10,0,3,1),(255,'E',10,0,3,1),(256,'A',9,0,3,1),(257,'B',9,0,3,1),(258,'C',9,0,3,1),(259,'D',9,0,3,1),(260,'E',9,0,3,1),(261,'A',8,0,3,1),(262,'B',8,0,3,1),(263,'C',8,0,3,1),(264,'D',8,0,3,1),(265,'E',8,0,3,1),(266,'A',7,0,3,1),(267,'B',7,0,3,1),(268,'C',7,0,3,1),(269,'D',7,0,3,1),(270,'E',7,0,3,1),(271,'A',6,0,3,1),(272,'B',6,0,3,1),(273,'C',6,0,3,1),(274,'D',6,0,3,1),(275,'E',6,0,3,1),(276,'A',5,0,3,1),(277,'B',5,0,3,1),(278,'C',5,0,3,1),(279,'D',5,0,3,1),(280,'E',5,0,3,1),(281,'A',4,1,3,1),(282,'B',4,0,3,1),(283,'C',4,0,3,1),(284,'D',4,0,3,1),(285,'E',4,0,3,1),(286,'A',3,1,3,1),(287,'B',3,0,3,1),(288,'C',3,0,3,1),(289,'D',3,0,3,1),(290,'E',3,0,3,1),(291,'A',2,1,3,1),(292,'B',2,0,3,1),(293,'C',2,0,3,1),(294,'D',2,0,3,1),(295,'E',2,0,3,1),(296,'A',1,1,3,1),(297,'B',1,0,3,1),(298,'C',1,0,3,1),(299,'D',1,0,3,1),(300,'E',1,0,3,1),(301,'A',20,1,4,1),(302,'B',20,0,4,1),(303,'C',20,0,4,1),(304,'D',20,0,4,1),(305,'E',20,0,4,1),(306,'A',19,1,4,1),(307,'B',19,0,4,1),(308,'C',19,0,4,1),(309,'D',19,0,4,1),(310,'E',19,0,4,1),(311,'A',18,1,4,1),(312,'B',18,0,4,1),(313,'C',18,0,4,1),(314,'D',18,0,4,1),(315,'E',18,0,4,1),(316,'A',17,1,4,1),(317,'B',17,0,4,1),(318,'C',17,0,4,1),(319,'D',17,0,4,1),(320,'E',17,0,4,1),(321,'A',16,0,4,1),(322,'B',16,0,4,1),(323,'C',16,0,4,1),(324,'D',16,0,4,1),(325,'E',16,0,4,1),(326,'A',15,0,4,1),(327,'B',15,0,4,1),(328,'C',15,0,4,1),(329,'D',15,0,4,1),(330,'E',15,0,4,1),(331,'A',14,0,4,1),(332,'B',14,0,4,1),(333,'C',14,0,4,1),(334,'D',14,0,4,1),(335,'E',14,0,4,1),(336,'A',13,0,4,1),(337,'B',13,0,4,1),(338,'C',13,0,4,1),(339,'D',13,0,4,1),(340,'E',13,0,4,1),(341,'A',12,0,4,1),(342,'B',12,0,4,1),(343,'C',12,0,4,1),(344,'D',12,0,4,1),(345,'E',12,0,4,1),(346,'A',11,0,4,1),(347,'B',11,0,4,1),(348,'C',11,0,4,1),(349,'D',11,0,4,1),(350,'E',11,0,4,1),(351,'A',10,0,4,1),(352,'B',10,0,4,1),(353,'C',10,0,4,1),(354,'D',10,0,4,1),(355,'E',10,0,4,1),(356,'A',9,0,4,1),(357,'B',9,0,4,1),(358,'C',9,0,4,1),(359,'D',9,0,4,1),(360,'E',9,0,4,1),(361,'A',8,0,4,1),(362,'B',8,0,4,1),(363,'C',8,0,4,1),(364,'D',8,0,4,1),(365,'E',8,0,4,1),(366,'A',7,0,4,1),(367,'B',7,0,4,1),(368,'C',7,0,4,1),(369,'D',7,0,4,1),(370,'E',7,0,4,1),(371,'A',6,0,4,1),(372,'B',6,0,4,1),(373,'C',6,0,4,1),(374,'D',6,0,4,1),(375,'E',6,0,4,1),(376,'A',5,0,4,1),(377,'B',5,0,4,1),(378,'C',5,0,4,1),(379,'D',5,0,4,1),(380,'E',5,0,4,1),(381,'A',4,1,4,1),(382,'B',4,0,4,1),(383,'C',4,0,4,1),(384,'D',4,0,4,1),(385,'E',4,0,4,1),(386,'A',3,1,4,1),(387,'B',3,0,4,1),(388,'C',3,0,4,1),(389,'D',3,0,4,1),(390,'E',3,0,4,1),(391,'A',2,1,4,1),(392,'B',2,0,4,1),(393,'C',2,0,4,1),(394,'D',2,0,4,1),(395,'E',2,0,4,1),(396,'A',1,1,4,1),(397,'B',1,0,4,1),(398,'C',1,0,4,1),(399,'D',1,0,4,1),(400,'E',1,0,4,1),(401,'A',20,1,5,1),(402,'B',20,0,5,1),(403,'C',20,0,5,1),(404,'D',20,0,5,1),(405,'E',20,0,5,1),(406,'A',19,1,5,1),(407,'B',19,0,5,1),(408,'C',19,0,5,1),(409,'D',19,0,5,1),(410,'E',19,0,5,1),(411,'A',18,1,5,1),(412,'B',18,0,5,1),(413,'C',18,0,5,1),(414,'D',18,0,5,1),(415,'E',18,0,5,1),(416,'A',17,1,5,1),(417,'B',17,0,5,1),(418,'C',17,0,5,1),(419,'D',17,0,5,1),(420,'E',17,0,5,1),(421,'A',16,0,5,1),(422,'B',16,0,5,1),(423,'C',16,0,5,1),(424,'D',16,0,5,1),(425,'E',16,0,5,1),(426,'A',15,0,5,1),(427,'B',15,0,5,1),(428,'C',15,0,5,1),(429,'D',15,0,5,1),(430,'E',15,0,5,1),(431,'A',14,0,5,1),(432,'B',14,0,5,1),(433,'C',14,0,5,1),(434,'D',14,0,5,1),(435,'E',14,0,5,1),(436,'A',13,0,5,1),(437,'B',13,0,5,1),(438,'C',13,0,5,1),(439,'D',13,0,5,1),(440,'E',13,0,5,1),(441,'A',12,0,5,1),(442,'B',12,0,5,1),(443,'C',12,0,5,1),(444,'D',12,0,5,1),(445,'E',12,0,5,1),(446,'A',11,0,5,1),(447,'B',11,0,5,1),(448,'C',11,0,5,1),(449,'D',11,0,5,1),(450,'E',11,0,5,1),(451,'A',10,0,5,1),(452,'B',10,0,5,1),(453,'C',10,0,5,1),(454,'D',10,0,5,1),(455,'E',10,0,5,1),(456,'A',9,0,5,1),(457,'B',9,0,5,1),(458,'C',9,0,5,1),(459,'D',9,0,5,1),(460,'E',9,0,5,1),(461,'A',8,0,5,1),(462,'B',8,0,5,1),(463,'C',8,0,5,1),(464,'D',8,0,5,1),(465,'E',8,0,5,1),(466,'A',7,0,5,1),(467,'B',7,0,5,1),(468,'C',7,0,5,1),(469,'D',7,0,5,1),(470,'E',7,0,5,1),(471,'A',6,0,5,1),(472,'B',6,0,5,1),(473,'C',6,0,5,1),(474,'D',6,0,5,1),(475,'E',6,0,5,1),(476,'A',5,0,5,1),(477,'B',5,0,5,1),(478,'C',5,0,5,1),(479,'D',5,0,5,1),(480,'E',5,0,5,1),(481,'A',4,1,5,1),(482,'B',4,0,5,1),(483,'C',4,0,5,1),(484,'D',4,0,5,1),(485,'E',4,0,5,1),(486,'A',3,1,5,1),(487,'B',3,0,5,1),(488,'C',3,0,5,1),(489,'D',3,0,5,1),(490,'E',3,0,5,1),(491,'A',2,1,5,1),(492,'B',2,0,5,1),(493,'C',2,0,5,1),(494,'D',2,0,5,1),(495,'E',2,0,5,1),(496,'A',1,1,5,1),(497,'B',1,0,5,1),(498,'C',1,0,5,1),(499,'D',1,0,5,1),(500,'E',1,0,5,1),(501,'A',20,1,6,1),(502,'B',20,0,6,1),(503,'C',20,0,6,1),(504,'D',20,0,6,1),(505,'E',20,0,6,1),(506,'A',19,1,6,1),(507,'B',19,0,6,1),(508,'C',19,0,6,1),(509,'D',19,0,6,1),(510,'E',19,0,6,1),(511,'A',18,1,6,1),(512,'B',18,0,6,1),(513,'C',18,0,6,1),(514,'D',18,0,6,1),(515,'E',18,0,6,1),(516,'A',17,1,6,1),(517,'B',17,0,6,1),(518,'C',17,0,6,1),(519,'D',17,0,6,1),(520,'E',17,0,6,1),(521,'A',16,0,6,1),(522,'B',16,0,6,1),(523,'C',16,0,6,1),(524,'D',16,0,6,1),(525,'E',16,0,6,1),(526,'A',15,0,6,1),(527,'B',15,0,6,1),(528,'C',15,0,6,1),(529,'D',15,0,6,1),(530,'E',15,0,6,1),(531,'A',14,0,6,1),(532,'B',14,0,6,1),(533,'C',14,0,6,1),(534,'D',14,0,6,1),(535,'E',14,0,6,1),(536,'A',13,0,6,1),(537,'B',13,0,6,1),(538,'C',13,0,6,1),(539,'D',13,0,6,1),(540,'E',13,0,6,1),(541,'A',12,0,6,1),(542,'B',12,0,6,1),(543,'C',12,0,6,1),(544,'D',12,0,6,1),(545,'E',12,0,6,1),(546,'A',11,0,6,1),(547,'B',11,0,6,1),(548,'C',11,0,6,1),(549,'D',11,0,6,1),(550,'E',11,0,6,1),(551,'A',10,0,6,1),(552,'B',10,0,6,1),(553,'C',10,0,6,1),(554,'D',10,0,6,1),(555,'E',10,0,6,1),(556,'A',9,0,6,1),(557,'B',9,0,6,1),(558,'C',9,0,6,1),(559,'D',9,0,6,1),(560,'E',9,0,6,1),(561,'A',8,0,6,1),(562,'B',8,0,6,1),(563,'C',8,0,6,1),(564,'D',8,0,6,1),(565,'E',8,0,6,1),(566,'A',7,0,6,1),(567,'B',7,0,6,1),(568,'C',7,0,6,1),(569,'D',7,0,6,1),(570,'E',7,0,6,1),(571,'A',6,0,6,1),(572,'B',6,0,6,1),(573,'C',6,0,6,1),(574,'D',6,0,6,1),(575,'E',6,0,6,1),(576,'A',5,0,6,1),(577,'B',5,0,6,1),(578,'C',5,0,6,1),(579,'D',5,0,6,1),(580,'E',5,0,6,1),(581,'A',4,1,6,1),(582,'B',4,0,6,1),(583,'C',4,0,6,1),(584,'D',4,0,6,1),(585,'E',4,0,6,1),(586,'A',3,1,6,1),(587,'B',3,0,6,1),(588,'C',3,0,6,1),(589,'D',3,0,6,1),(590,'E',3,0,6,1),(591,'A',2,1,6,1),(592,'B',2,0,6,1),(593,'C',2,0,6,1),(594,'D',2,0,6,1),(595,'E',2,0,6,1),(596,'A',1,1,6,1),(597,'B',1,0,6,1),(598,'C',1,0,6,1),(599,'D',1,0,6,1),(600,'E',1,0,6,1),(601,'A',20,1,7,1),(602,'B',20,0,7,1),(603,'C',20,0,7,1),(604,'D',20,0,7,1),(605,'E',20,0,7,1),(606,'A',19,1,7,1),(607,'B',19,0,7,1),(608,'C',19,0,7,1),(609,'D',19,0,7,1),(610,'E',19,0,7,1),(611,'A',18,1,7,1),(612,'B',18,0,7,1),(613,'C',18,0,7,1),(614,'D',18,0,7,1),(615,'E',18,0,7,1),(616,'A',17,1,7,1),(617,'B',17,0,7,1),(618,'C',17,0,7,1),(619,'D',17,0,7,1),(620,'E',17,0,7,1),(621,'A',16,0,7,1),(622,'B',16,0,7,1),(623,'C',16,0,7,1),(624,'D',16,0,7,1),(625,'E',16,0,7,1),(626,'A',15,0,7,1),(627,'B',15,0,7,1),(628,'C',15,0,7,1),(629,'D',15,0,7,1),(630,'E',15,0,7,1),(631,'A',14,0,7,1),(632,'B',14,0,7,1),(633,'C',14,0,7,1),(634,'D',14,0,7,1),(635,'E',14,0,7,1),(636,'A',13,0,7,1),(637,'B',13,0,7,1),(638,'C',13,0,7,1),(639,'D',13,0,7,1),(640,'E',13,0,7,1),(641,'A',12,0,7,1),(642,'B',12,0,7,1),(643,'C',12,0,7,1),(644,'D',12,0,7,1),(645,'E',12,0,7,1),(646,'A',11,0,7,1),(647,'B',11,0,7,1),(648,'C',11,0,7,1),(649,'D',11,0,7,1),(650,'E',11,0,7,1),(651,'A',10,0,7,1),(652,'B',10,0,7,1),(653,'C',10,0,7,1),(654,'D',10,0,7,1),(655,'E',10,0,7,1),(656,'A',9,0,7,1),(657,'B',9,0,7,1),(658,'C',9,0,7,1),(659,'D',9,0,7,1),(660,'E',9,0,7,1),(661,'A',8,0,7,1),(662,'B',8,0,7,1),(663,'C',8,0,7,1),(664,'D',8,0,7,1),(665,'E',8,0,7,1),(666,'A',7,0,7,1),(667,'B',7,0,7,1),(668,'C',7,0,7,1),(669,'D',7,0,7,1),(670,'E',7,0,7,1),(671,'A',6,0,7,1),(672,'B',6,0,7,1),(673,'C',6,0,7,1),(674,'D',6,0,7,1),(675,'E',6,0,7,1),(676,'A',5,0,7,1),(677,'B',5,0,7,1),(678,'C',5,0,7,1),(679,'D',5,0,7,1),(680,'E',5,0,7,1),(681,'A',4,1,7,1),(682,'B',4,0,7,1),(683,'C',4,0,7,1),(684,'D',4,0,7,1),(685,'E',4,0,7,1),(686,'A',3,1,7,1),(687,'B',3,0,7,1),(688,'C',3,0,7,1),(689,'D',3,0,7,1),(690,'E',3,0,7,1),(691,'A',2,1,7,1),(692,'B',2,0,7,1),(693,'C',2,0,7,1),(694,'D',2,0,7,1),(695,'E',2,0,7,1),(696,'A',1,1,7,1),(697,'B',1,0,7,1),(698,'C',1,0,7,1),(699,'D',1,0,7,1),(700,'E',1,0,7,1),(701,'A',20,1,8,1),(702,'B',20,0,8,1),(703,'C',20,0,8,1),(704,'D',20,0,8,1),(705,'E',20,0,8,1),(706,'A',19,1,8,1),(707,'B',19,0,8,1),(708,'C',19,0,8,1),(709,'D',19,0,8,1),(710,'E',19,0,8,1),(711,'A',18,1,8,1),(712,'B',18,0,8,1),(713,'C',18,0,8,1),(714,'D',18,0,8,1),(715,'E',18,0,8,1),(716,'A',17,1,8,1),(717,'B',17,0,8,1),(718,'C',17,0,8,1),(719,'D',17,0,8,1),(720,'E',17,0,8,1),(721,'A',16,0,8,1),(722,'B',16,0,8,1),(723,'C',16,0,8,1),(724,'D',16,0,8,1),(725,'E',16,0,8,1),(726,'A',15,0,8,1),(727,'B',15,0,8,1),(728,'C',15,0,8,1),(729,'D',15,0,8,1),(730,'E',15,0,8,1),(731,'A',14,0,8,1),(732,'B',14,0,8,1),(733,'C',14,0,8,1),(734,'D',14,0,8,1),(735,'E',14,0,8,1),(736,'A',13,0,8,1),(737,'B',13,0,8,1),(738,'C',13,0,8,1),(739,'D',13,0,8,1),(740,'E',13,0,8,1),(741,'A',12,0,8,1),(742,'B',12,0,8,1),(743,'C',12,0,8,1),(744,'D',12,0,8,1),(745,'E',12,0,8,1),(746,'A',11,0,8,1),(747,'B',11,0,8,1),(748,'C',11,0,8,1),(749,'D',11,0,8,1),(750,'E',11,0,8,1),(751,'A',10,0,8,1),(752,'B',10,0,8,1),(753,'C',10,0,8,1),(754,'D',10,0,8,1),(755,'E',10,0,8,1),(756,'A',9,0,8,1),(757,'B',9,0,8,1),(758,'C',9,0,8,1),(759,'D',9,0,8,1),(760,'E',9,0,8,1),(761,'A',8,0,8,1),(762,'B',8,0,8,1),(763,'C',8,0,8,1),(764,'D',8,0,8,1),(765,'E',8,0,8,1),(766,'A',7,0,8,1),(767,'B',7,0,8,1),(768,'C',7,0,8,1),(769,'D',7,0,8,1),(770,'E',7,0,8,1),(771,'A',6,0,8,1),(772,'B',6,0,8,1),(773,'C',6,0,8,1),(774,'D',6,0,8,1),(775,'E',6,0,8,1),(776,'A',5,0,8,1),(777,'B',5,0,8,1),(778,'C',5,0,8,1),(779,'D',5,0,8,1),(780,'E',5,0,8,1),(781,'A',4,1,8,1),(782,'B',4,0,8,1),(783,'C',4,0,8,1),(784,'D',4,0,8,1),(785,'E',4,0,8,1),(786,'A',3,1,8,1),(787,'B',3,0,8,1),(788,'C',3,0,8,1),(789,'D',3,0,8,1),(790,'E',3,0,8,1),(791,'A',2,1,8,1),(792,'B',2,0,8,1),(793,'C',2,0,8,1),(794,'D',2,0,8,1),(795,'E',2,0,8,1),(796,'A',1,1,8,1),(797,'B',1,0,8,1),(798,'C',1,0,8,1),(799,'D',1,0,8,1),(800,'E',1,0,8,1),(801,'A',20,1,9,1),(802,'B',20,0,9,1),(803,'C',20,0,9,1),(804,'D',20,0,9,1),(805,'E',20,0,9,1),(806,'A',19,1,9,1),(807,'B',19,0,9,1),(808,'C',19,0,9,1),(809,'D',19,0,9,1),(810,'E',19,0,9,1),(811,'A',18,1,9,1),(812,'B',18,0,9,1),(813,'C',18,0,9,1),(814,'D',18,0,9,1),(815,'E',18,0,9,1),(816,'A',17,1,9,1),(817,'B',17,0,9,1),(818,'C',17,0,9,1),(819,'D',17,0,9,1),(820,'E',17,0,9,1),(821,'A',16,0,9,1),(822,'B',16,0,9,1),(823,'C',16,0,9,1),(824,'D',16,0,9,1),(825,'E',16,0,9,1),(826,'A',15,0,9,1),(827,'B',15,0,9,1),(828,'C',15,0,9,1),(829,'D',15,0,9,1),(830,'E',15,0,9,1),(831,'A',14,0,9,1),(832,'B',14,0,9,1),(833,'C',14,0,9,1),(834,'D',14,0,9,1),(835,'E',14,0,9,1),(836,'A',13,0,9,1),(837,'B',13,0,9,1),(838,'C',13,0,9,1),(839,'D',13,0,9,1),(840,'E',13,0,9,1),(841,'A',12,0,9,1),(842,'B',12,0,9,1),(843,'C',12,0,9,1),(844,'D',12,0,9,1),(845,'E',12,0,9,1),(846,'A',11,0,9,1),(847,'B',11,0,9,1),(848,'C',11,0,9,1),(849,'D',11,0,9,1),(850,'E',11,0,9,1),(851,'A',10,0,9,1),(852,'B',10,0,9,1),(853,'C',10,0,9,1),(854,'D',10,0,9,1),(855,'E',10,0,9,1),(856,'A',9,0,9,1),(857,'B',9,0,9,1),(858,'C',9,0,9,1),(859,'D',9,0,9,1),(860,'E',9,0,9,1),(861,'A',8,0,9,1),(862,'B',8,0,9,1),(863,'C',8,0,9,1),(864,'D',8,0,9,1),(865,'E',8,0,9,1),(866,'A',7,0,9,1),(867,'B',7,0,9,1),(868,'C',7,0,9,1),(869,'D',7,0,9,1),(870,'E',7,0,9,1),(871,'A',6,0,9,1),(872,'B',6,0,9,1),(873,'C',6,0,9,1),(874,'D',6,0,9,1),(875,'E',6,0,9,1),(876,'A',5,0,9,1),(877,'B',5,0,9,1),(878,'C',5,0,9,1),(879,'D',5,0,9,1),(880,'E',5,0,9,1),(881,'A',4,1,9,1),(882,'B',4,0,9,1),(883,'C',4,0,9,1),(884,'D',4,0,9,1),(885,'E',4,0,9,1),(886,'A',3,1,9,1),(887,'B',3,0,9,1),(888,'C',3,0,9,1),(889,'D',3,0,9,1),(890,'E',3,0,9,1),(891,'A',2,1,9,1),(892,'B',2,0,9,1),(893,'C',2,0,9,1),(894,'D',2,0,9,1),(895,'E',2,0,9,1),(896,'A',1,1,9,1),(897,'B',1,0,9,1),(898,'C',1,0,9,1),(899,'D',1,0,9,1),(900,'E',1,0,9,1),(901,'A',20,1,10,1),(902,'B',20,0,10,1),(903,'C',20,0,10,1),(904,'D',20,0,10,1),(905,'E',20,0,10,1),(906,'A',19,1,10,1),(907,'B',19,0,10,1),(908,'C',19,0,10,1),(909,'D',19,0,10,1),(910,'E',19,0,10,1),(911,'A',18,1,10,1),(912,'B',18,0,10,1),(913,'C',18,0,10,1),(914,'D',18,0,10,1),(915,'E',18,0,10,1),(916,'A',17,1,10,1),(917,'B',17,0,10,1),(918,'C',17,0,10,1),(919,'D',17,0,10,1),(920,'E',17,0,10,1),(921,'A',16,0,10,1),(922,'B',16,0,10,1),(923,'C',16,0,10,1),(924,'D',16,0,10,1),(925,'E',16,0,10,1),(926,'A',15,0,10,1),(927,'B',15,0,10,1),(928,'C',15,0,10,1),(929,'D',15,0,10,1),(930,'E',15,0,10,1),(931,'A',14,0,10,1),(932,'B',14,0,10,1),(933,'C',14,0,10,1),(934,'D',14,0,10,1),(935,'E',14,0,10,1),(936,'A',13,0,10,1),(937,'B',13,0,10,1),(938,'C',13,0,10,1),(939,'D',13,0,10,1),(940,'E',13,0,10,1),(941,'A',12,0,10,1),(942,'B',12,0,10,1),(943,'C',12,0,10,1),(944,'D',12,0,10,1),(945,'E',12,0,10,1),(946,'A',11,0,10,1),(947,'B',11,0,10,1),(948,'C',11,0,10,1),(949,'D',11,0,10,1),(950,'E',11,0,10,1),(951,'A',10,0,10,1),(952,'B',10,0,10,1),(953,'C',10,0,10,1),(954,'D',10,0,10,1),(955,'E',10,0,10,1),(956,'A',9,0,10,1),(957,'B',9,0,10,1),(958,'C',9,0,10,1),(959,'D',9,0,10,1),(960,'E',9,0,10,1),(961,'A',8,0,10,1),(962,'B',8,0,10,1),(963,'C',8,0,10,1),(964,'D',8,0,10,1),(965,'E',8,0,10,1),(966,'A',7,0,10,1),(967,'B',7,0,10,1),(968,'C',7,0,10,1),(969,'D',7,0,10,1),(970,'E',7,0,10,1),(971,'A',6,0,10,1),(972,'B',6,0,10,1),(973,'C',6,0,10,1),(974,'D',6,0,10,1),(975,'E',6,0,10,1),(976,'A',5,0,10,1),(977,'B',5,0,10,1),(978,'C',5,0,10,1),(979,'D',5,0,10,1),(980,'E',5,0,10,1),(981,'A',4,1,10,1),(982,'B',4,0,10,1),(983,'C',4,0,10,1),(984,'D',4,0,10,1),(985,'E',4,0,10,1),(986,'A',3,1,10,1),(987,'B',3,0,10,1),(988,'C',3,0,10,1),(989,'D',3,0,10,1),(990,'E',3,0,10,1),(991,'A',2,1,10,1),(992,'B',2,0,10,1),(993,'C',2,0,10,1),(994,'D',2,0,10,1),(995,'E',2,0,10,1),(996,'A',1,1,10,1),(997,'B',1,0,10,1),(998,'C',1,0,10,1),(999,'D',1,0,10,1),(1000,'E',1,0,10,1),(1001,'A',20,1,11,1),(1002,'B',20,0,11,1),(1003,'C',20,0,11,1),(1004,'D',20,0,11,1),(1005,'E',20,0,11,1),(1006,'A',19,1,11,1),(1007,'B',19,0,11,1),(1008,'C',19,0,11,1),(1009,'D',19,0,11,1),(1010,'E',19,0,11,1),(1011,'A',18,1,11,1),(1012,'B',18,0,11,1),(1013,'C',18,0,11,1),(1014,'D',18,0,11,1),(1015,'E',18,0,11,1),(1016,'A',17,1,11,1),(1017,'B',17,0,11,1),(1018,'C',17,0,11,1),(1019,'D',17,0,11,1),(1020,'E',17,0,11,1),(1021,'A',16,0,11,1),(1022,'B',16,0,11,1),(1023,'C',16,0,11,1),(1024,'D',16,0,11,1),(1025,'E',16,0,11,1),(1026,'A',15,0,11,1),(1027,'B',15,0,11,1),(1028,'C',15,0,11,1),(1029,'D',15,0,11,1),(1030,'E',15,0,11,1),(1031,'A',14,0,11,1),(1032,'B',14,0,11,1),(1033,'C',14,0,11,1),(1034,'D',14,0,11,1),(1035,'E',14,0,11,1),(1036,'A',13,0,11,1),(1037,'B',13,0,11,1),(1038,'C',13,0,11,1),(1039,'D',13,0,11,1),(1040,'E',13,0,11,1),(1041,'A',12,0,11,1),(1042,'B',12,0,11,1),(1043,'C',12,0,11,1),(1044,'D',12,0,11,1),(1045,'E',12,0,11,1),(1046,'A',11,0,11,1),(1047,'B',11,0,11,1),(1048,'C',11,0,11,1),(1049,'D',11,0,11,1),(1050,'E',11,0,11,1),(1051,'A',10,0,11,1),(1052,'B',10,0,11,1),(1053,'C',10,0,11,1),(1054,'D',10,0,11,1),(1055,'E',10,0,11,1),(1056,'A',9,0,11,1),(1057,'B',9,0,11,1),(1058,'C',9,0,11,1),(1059,'D',9,0,11,1),(1060,'E',9,0,11,1),(1061,'A',8,0,11,1),(1062,'B',8,0,11,1),(1063,'C',8,0,11,1),(1064,'D',8,0,11,1),(1065,'E',8,0,11,1),(1066,'A',7,0,11,1),(1067,'B',7,0,11,1),(1068,'C',7,0,11,1),(1069,'D',7,0,11,1),(1070,'E',7,0,11,1),(1071,'A',6,0,11,1),(1072,'B',6,0,11,1),(1073,'C',6,0,11,1),(1074,'D',6,0,11,1),(1075,'E',6,0,11,1),(1076,'A',5,0,11,1),(1077,'B',5,0,11,1),(1078,'C',5,0,11,1),(1079,'D',5,0,11,1),(1080,'E',5,0,11,1),(1081,'A',4,1,11,1),(1082,'B',4,0,11,1),(1083,'C',4,0,11,1),(1084,'D',4,0,11,1),(1085,'E',4,0,11,1),(1086,'A',3,1,11,1),(1087,'B',3,0,11,1),(1088,'C',3,0,11,1),(1089,'D',3,0,11,1),(1090,'E',3,0,11,1),(1091,'A',2,1,11,1),(1092,'B',2,0,11,1),(1093,'C',2,0,11,1),(1094,'D',2,0,11,1),(1095,'E',2,0,11,1),(1096,'A',1,1,11,1),(1097,'B',1,0,11,1),(1098,'C',1,0,11,1),(1099,'D',1,0,11,1),(1100,'E',1,0,11,1),(1101,'A',20,1,12,1),(1102,'B',20,0,12,1),(1103,'C',20,0,12,1),(1104,'D',20,0,12,1),(1105,'E',20,0,12,1),(1106,'A',19,1,12,1),(1107,'B',19,0,12,1),(1108,'C',19,0,12,1),(1109,'D',19,0,12,1),(1110,'E',19,0,12,1),(1111,'A',18,1,12,1),(1112,'B',18,0,12,1),(1113,'C',18,0,12,1),(1114,'D',18,0,12,1),(1115,'E',18,0,12,1),(1116,'A',17,1,12,1),(1117,'B',17,0,12,1),(1118,'C',17,0,12,1),(1119,'D',17,0,12,1),(1120,'E',17,0,12,1),(1121,'A',16,0,12,1),(1122,'B',16,0,12,1),(1123,'C',16,0,12,1),(1124,'D',16,0,12,1),(1125,'E',16,0,12,1),(1126,'A',15,0,12,1),(1127,'B',15,0,12,1),(1128,'C',15,0,12,1),(1129,'D',15,0,12,1),(1130,'E',15,0,12,1),(1131,'A',14,0,12,1),(1132,'B',14,0,12,1),(1133,'C',14,0,12,1),(1134,'D',14,0,12,1),(1135,'E',14,0,12,1),(1136,'A',13,0,12,1),(1137,'B',13,0,12,1),(1138,'C',13,0,12,1),(1139,'D',13,0,12,1),(1140,'E',13,0,12,1),(1141,'A',12,0,12,1),(1142,'B',12,0,12,1),(1143,'C',12,0,12,1),(1144,'D',12,0,12,1),(1145,'E',12,0,12,1),(1146,'A',11,0,12,1),(1147,'B',11,0,12,1),(1148,'C',11,0,12,1),(1149,'D',11,0,12,1),(1150,'E',11,0,12,1),(1151,'A',10,0,12,1),(1152,'B',10,0,12,1),(1153,'C',10,0,12,1),(1154,'D',10,0,12,1),(1155,'E',10,0,12,1),(1156,'A',9,0,12,1),(1157,'B',9,0,12,1),(1158,'C',9,0,12,1),(1159,'D',9,0,12,1),(1160,'E',9,0,12,1),(1161,'A',8,0,12,1),(1162,'B',8,0,12,1),(1163,'C',8,0,12,1),(1164,'D',8,0,12,1),(1165,'E',8,0,12,1),(1166,'A',7,0,12,1),(1167,'B',7,0,12,1),(1168,'C',7,0,12,1),(1169,'D',7,0,12,1),(1170,'E',7,0,12,1),(1171,'A',6,0,12,1),(1172,'B',6,0,12,1),(1173,'C',6,0,12,1),(1174,'D',6,0,12,1),(1175,'E',6,0,12,1),(1176,'A',5,0,12,1),(1177,'B',5,0,12,1),(1178,'C',5,0,12,1),(1179,'D',5,0,12,1),(1180,'E',5,0,12,1),(1181,'A',4,1,12,1),(1182,'B',4,0,12,1),(1183,'C',4,0,12,1),(1184,'D',4,0,12,1),(1185,'E',4,0,12,1),(1186,'A',3,1,12,1),(1187,'B',3,0,12,1),(1188,'C',3,0,12,1),(1189,'D',3,0,12,1),(1190,'E',3,0,12,1),(1191,'A',2,1,12,1),(1192,'B',2,0,12,1),(1193,'C',2,0,12,1),(1194,'D',2,0,12,1),(1195,'E',2,0,12,1),(1196,'A',1,1,12,1),(1197,'B',1,0,12,1),(1198,'C',1,0,12,1),(1199,'D',1,0,12,1),(1200,'E',1,0,12,1),(1201,'A',20,1,13,1),(1202,'B',20,0,13,1),(1203,'C',20,0,13,1),(1204,'D',20,0,13,1),(1205,'E',20,0,13,1),(1206,'A',19,1,13,1),(1207,'B',19,0,13,1),(1208,'C',19,0,13,1),(1209,'D',19,0,13,1),(1210,'E',19,0,13,1),(1211,'A',18,1,13,1),(1212,'B',18,0,13,1),(1213,'C',18,0,13,1),(1214,'D',18,0,13,1),(1215,'E',18,0,13,1),(1216,'A',17,1,13,1),(1217,'B',17,0,13,1),(1218,'C',17,0,13,1),(1219,'D',17,0,13,1),(1220,'E',17,0,13,1),(1221,'A',16,0,13,1),(1222,'B',16,0,13,1),(1223,'C',16,0,13,1),(1224,'D',16,0,13,1),(1225,'E',16,0,13,1),(1226,'A',15,0,13,1),(1227,'B',15,0,13,1),(1228,'C',15,0,13,1),(1229,'D',15,0,13,1),(1230,'E',15,0,13,1),(1231,'A',14,0,13,1),(1232,'B',14,0,13,1),(1233,'C',14,0,13,1),(1234,'D',14,0,13,1),(1235,'E',14,0,13,1),(1236,'A',13,0,13,1),(1237,'B',13,0,13,1),(1238,'C',13,0,13,1),(1239,'D',13,0,13,1),(1240,'E',13,0,13,1),(1241,'A',12,0,13,1),(1242,'B',12,0,13,1),(1243,'C',12,0,13,1),(1244,'D',12,0,13,1),(1245,'E',12,0,13,1),(1246,'A',11,0,13,1),(1247,'B',11,0,13,1),(1248,'C',11,0,13,1),(1249,'D',11,0,13,1),(1250,'E',11,0,13,1),(1251,'A',10,0,13,1),(1252,'B',10,0,13,1),(1253,'C',10,0,13,1),(1254,'D',10,0,13,1),(1255,'E',10,0,13,1),(1256,'A',9,0,13,1),(1257,'B',9,0,13,1),(1258,'C',9,0,13,1),(1259,'D',9,0,13,1),(1260,'E',9,0,13,1),(1261,'A',8,0,13,1),(1262,'B',8,0,13,1),(1263,'C',8,0,13,1),(1264,'D',8,0,13,1),(1265,'E',8,0,13,1),(1266,'A',7,0,13,1),(1267,'B',7,0,13,1),(1268,'C',7,0,13,1),(1269,'D',7,0,13,1),(1270,'E',7,0,13,1),(1271,'A',6,0,13,1),(1272,'B',6,0,13,1),(1273,'C',6,0,13,1),(1274,'D',6,0,13,1),(1275,'E',6,0,13,1),(1276,'A',5,0,13,1),(1277,'B',5,0,13,1),(1278,'C',5,0,13,1),(1279,'D',5,0,13,1),(1280,'E',5,0,13,1),(1281,'A',4,1,13,1),(1282,'B',4,0,13,1),(1283,'C',4,0,13,1),(1284,'D',4,0,13,1),(1285,'E',4,0,13,1),(1286,'A',3,1,13,1),(1287,'B',3,0,13,1),(1288,'C',3,0,13,1),(1289,'D',3,0,13,1),(1290,'E',3,0,13,1),(1291,'A',2,1,13,1),(1292,'B',2,0,13,1),(1293,'C',2,0,13,1),(1294,'D',2,0,13,1),(1295,'E',2,0,13,1),(1296,'A',1,1,13,1),(1297,'B',1,0,13,1),(1298,'C',1,0,13,1),(1299,'D',1,0,13,1),(1300,'E',1,0,13,1),(1301,'A',20,1,14,1),(1302,'B',20,0,14,1),(1303,'C',20,0,14,1),(1304,'D',20,0,14,1),(1305,'E',20,0,14,1),(1306,'A',19,1,14,1),(1307,'B',19,0,14,1),(1308,'C',19,0,14,1),(1309,'D',19,0,14,1),(1310,'E',19,0,14,1),(1311,'A',18,1,14,1),(1312,'B',18,0,14,1),(1313,'C',18,0,14,1),(1314,'D',18,0,14,1),(1315,'E',18,0,14,1),(1316,'A',17,1,14,1),(1317,'B',17,0,14,1),(1318,'C',17,0,14,1),(1319,'D',17,0,14,1),(1320,'E',17,0,14,1),(1321,'A',16,0,14,1),(1322,'B',16,0,14,1),(1323,'C',16,0,14,1),(1324,'D',16,0,14,1),(1325,'E',16,0,14,1),(1326,'A',15,0,14,1),(1327,'B',15,0,14,1),(1328,'C',15,0,14,1),(1329,'D',15,0,14,1),(1330,'E',15,0,14,1),(1331,'A',14,0,14,1),(1332,'B',14,0,14,1),(1333,'C',14,0,14,1),(1334,'D',14,0,14,1),(1335,'E',14,0,14,1),(1336,'A',13,0,14,1),(1337,'B',13,0,14,1),(1338,'C',13,0,14,1),(1339,'D',13,0,14,1),(1340,'E',13,0,14,1),(1341,'A',12,0,14,1),(1342,'B',12,0,14,1),(1343,'C',12,0,14,1),(1344,'D',12,0,14,1),(1345,'E',12,0,14,1),(1346,'A',11,0,14,1),(1347,'B',11,0,14,1),(1348,'C',11,0,14,1),(1349,'D',11,0,14,1),(1350,'E',11,0,14,1),(1351,'A',10,0,14,1),(1352,'B',10,0,14,1),(1353,'C',10,0,14,1),(1354,'D',10,0,14,1),(1355,'E',10,0,14,1),(1356,'A',9,0,14,1),(1357,'B',9,0,14,1),(1358,'C',9,0,14,1),(1359,'D',9,0,14,1),(1360,'E',9,0,14,1),(1361,'A',8,0,14,1),(1362,'B',8,0,14,1),(1363,'C',8,0,14,1),(1364,'D',8,0,14,1),(1365,'E',8,0,14,1),(1366,'A',7,0,14,1),(1367,'B',7,0,14,1),(1368,'C',7,0,14,1),(1369,'D',7,0,14,1),(1370,'E',7,0,14,1),(1371,'A',6,0,14,1),(1372,'B',6,0,14,1),(1373,'C',6,0,14,1),(1374,'D',6,0,14,1),(1375,'E',6,0,14,1),(1376,'A',5,0,14,1),(1377,'B',5,0,14,1),(1378,'C',5,0,14,1),(1379,'D',5,0,14,1),(1380,'E',5,0,14,1),(1381,'A',4,1,14,1),(1382,'B',4,0,14,1),(1383,'C',4,0,14,1),(1384,'D',4,0,14,1),(1385,'E',4,0,14,1),(1386,'A',3,1,14,1),(1387,'B',3,0,14,1),(1388,'C',3,0,14,1),(1389,'D',3,0,14,1),(1390,'E',3,0,14,1),(1391,'A',2,1,14,1),(1392,'B',2,0,14,1),(1393,'C',2,0,14,1),(1394,'D',2,0,14,1),(1395,'E',2,0,14,1),(1396,'A',1,1,14,1),(1397,'B',1,0,14,1),(1398,'C',1,0,14,1),(1399,'D',1,0,14,1),(1400,'E',1,0,14,1),(1401,'A',20,1,15,1),(1402,'B',20,0,15,1),(1403,'C',20,0,15,1),(1404,'D',20,0,15,1),(1405,'E',20,0,15,1),(1406,'A',19,1,15,1),(1407,'B',19,0,15,1),(1408,'C',19,0,15,1),(1409,'D',19,0,15,1),(1410,'E',19,0,15,1),(1411,'A',18,1,15,1),(1412,'B',18,0,15,1),(1413,'C',18,0,15,1),(1414,'D',18,0,15,1),(1415,'E',18,0,15,1),(1416,'A',17,1,15,1),(1417,'B',17,0,15,1),(1418,'C',17,0,15,1),(1419,'D',17,0,15,1),(1420,'E',17,0,15,1),(1421,'A',16,0,15,1),(1422,'B',16,0,15,1),(1423,'C',16,0,15,1),(1424,'D',16,0,15,1),(1425,'E',16,0,15,1),(1426,'A',15,0,15,1),(1427,'B',15,0,15,1),(1428,'C',15,0,15,1),(1429,'D',15,0,15,1),(1430,'E',15,0,15,1),(1431,'A',14,0,15,1),(1432,'B',14,0,15,1),(1433,'C',14,0,15,1),(1434,'D',14,0,15,1),(1435,'E',14,0,15,1),(1436,'A',13,0,15,1),(1437,'B',13,0,15,1),(1438,'C',13,0,15,1),(1439,'D',13,0,15,1),(1440,'E',13,0,15,1),(1441,'A',12,0,15,1),(1442,'B',12,0,15,1),(1443,'C',12,0,15,1),(1444,'D',12,0,15,1),(1445,'E',12,0,15,1),(1446,'A',11,0,15,1),(1447,'B',11,0,15,1),(1448,'C',11,0,15,1),(1449,'D',11,0,15,1),(1450,'E',11,0,15,1),(1451,'A',10,0,15,1),(1452,'B',10,0,15,1),(1453,'C',10,0,15,1),(1454,'D',10,0,15,1),(1455,'E',10,0,15,1),(1456,'A',9,0,15,1),(1457,'B',9,0,15,1),(1458,'C',9,0,15,1),(1459,'D',9,0,15,1),(1460,'E',9,0,15,1),(1461,'A',8,0,15,1),(1462,'B',8,0,15,1),(1463,'C',8,0,15,1),(1464,'D',8,0,15,1),(1465,'E',8,0,15,1),(1466,'A',7,0,15,1),(1467,'B',7,0,15,1),(1468,'C',7,0,15,1),(1469,'D',7,0,15,1),(1470,'E',7,0,15,1),(1471,'A',6,0,15,1),(1472,'B',6,0,15,1),(1473,'C',6,0,15,1),(1474,'D',6,0,15,1),(1475,'E',6,0,15,1),(1476,'A',5,0,15,1),(1477,'B',5,0,15,1),(1478,'C',5,0,15,1),(1479,'D',5,0,15,1),(1480,'E',5,0,15,1),(1481,'A',4,1,15,1),(1482,'B',4,0,15,1),(1483,'C',4,0,15,1),(1484,'D',4,0,15,1),(1485,'E',4,0,15,1),(1486,'A',3,1,15,1),(1487,'B',3,0,15,1),(1488,'C',3,0,15,1),(1489,'D',3,0,15,1),(1490,'E',3,0,15,1),(1491,'A',2,1,15,1),(1492,'B',2,0,15,1),(1493,'C',2,0,15,1),(1494,'D',2,0,15,1),(1495,'E',2,0,15,1),(1496,'A',1,1,15,1),(1497,'B',1,0,15,1),(1498,'C',1,0,15,1),(1499,'D',1,0,15,1),(1500,'E',1,0,15,1),(1501,'A',20,1,16,1),(1502,'B',20,0,16,1),(1503,'C',20,0,16,1),(1504,'D',20,0,16,1),(1505,'E',20,0,16,1),(1506,'A',19,1,16,1),(1507,'B',19,0,16,1),(1508,'C',19,0,16,1),(1509,'D',19,0,16,1),(1510,'E',19,0,16,1),(1511,'A',18,1,16,1),(1512,'B',18,0,16,1),(1513,'C',18,0,16,1),(1514,'D',18,0,16,1),(1515,'E',18,0,16,1),(1516,'A',17,1,16,1),(1517,'B',17,0,16,1),(1518,'C',17,0,16,1),(1519,'D',17,0,16,1),(1520,'E',17,0,16,1),(1521,'A',16,0,16,1),(1522,'B',16,0,16,1),(1523,'C',16,0,16,1),(1524,'D',16,0,16,1),(1525,'E',16,0,16,1),(1526,'A',15,0,16,1),(1527,'B',15,0,16,1),(1528,'C',15,0,16,1),(1529,'D',15,0,16,1),(1530,'E',15,0,16,1),(1531,'A',14,0,16,1),(1532,'B',14,0,16,1),(1533,'C',14,0,16,1),(1534,'D',14,0,16,1),(1535,'E',14,0,16,1),(1536,'A',13,0,16,1),(1537,'B',13,0,16,1),(1538,'C',13,0,16,1),(1539,'D',13,0,16,1),(1540,'E',13,0,16,1),(1541,'A',12,0,16,1),(1542,'B',12,0,16,1),(1543,'C',12,0,16,1),(1544,'D',12,0,16,1),(1545,'E',12,0,16,1),(1546,'A',11,0,16,1),(1547,'B',11,0,16,1),(1548,'C',11,0,16,1),(1549,'D',11,0,16,1),(1550,'E',11,0,16,1),(1551,'A',10,0,16,1),(1552,'B',10,0,16,1),(1553,'C',10,0,16,1),(1554,'D',10,0,16,1),(1555,'E',10,0,16,1),(1556,'A',9,0,16,1),(1557,'B',9,0,16,1),(1558,'C',9,0,16,1),(1559,'D',9,0,16,1),(1560,'E',9,0,16,1),(1561,'A',8,0,16,1),(1562,'B',8,0,16,1),(1563,'C',8,0,16,1),(1564,'D',8,0,16,1),(1565,'E',8,0,16,1),(1566,'A',7,0,16,1),(1567,'B',7,0,16,1),(1568,'C',7,0,16,1),(1569,'D',7,0,16,1),(1570,'E',7,0,16,1),(1571,'A',6,0,16,1),(1572,'B',6,0,16,1),(1573,'C',6,0,16,1),(1574,'D',6,0,16,1),(1575,'E',6,0,16,1),(1576,'A',5,0,16,1),(1577,'B',5,0,16,1),(1578,'C',5,0,16,1),(1579,'D',5,0,16,1),(1580,'E',5,0,16,1),(1581,'A',4,1,16,1),(1582,'B',4,0,16,1),(1583,'C',4,0,16,1),(1584,'D',4,0,16,1),(1585,'E',4,0,16,1),(1586,'A',3,1,16,1),(1587,'B',3,0,16,1),(1588,'C',3,0,16,1),(1589,'D',3,0,16,1),(1590,'E',3,0,16,1),(1591,'A',2,1,16,1),(1592,'B',2,0,16,1),(1593,'C',2,0,16,1),(1594,'D',2,0,16,1),(1595,'E',2,0,16,1),(1596,'A',1,1,16,1),(1597,'B',1,0,16,1),(1598,'C',1,0,16,1),(1599,'D',1,0,16,1),(1600,'E',1,0,16,1),(1601,'A',20,1,17,1),(1602,'B',20,0,17,1),(1603,'C',20,0,17,1),(1604,'D',20,0,17,1),(1605,'E',20,0,17,1),(1606,'A',19,1,17,1),(1607,'B',19,0,17,1),(1608,'C',19,0,17,1),(1609,'D',19,0,17,1),(1610,'E',19,0,17,1),(1611,'A',18,1,17,1),(1612,'B',18,0,17,1),(1613,'C',18,0,17,1),(1614,'D',18,0,17,1),(1615,'E',18,0,17,1),(1616,'A',17,1,17,1),(1617,'B',17,0,17,1),(1618,'C',17,0,17,1),(1619,'D',17,0,17,1),(1620,'E',17,0,17,1),(1621,'A',16,0,17,1),(1622,'B',16,0,17,1),(1623,'C',16,0,17,1),(1624,'D',16,0,17,1),(1625,'E',16,0,17,1),(1626,'A',15,0,17,1),(1627,'B',15,0,17,1),(1628,'C',15,0,17,1),(1629,'D',15,0,17,1),(1630,'E',15,0,17,1),(1631,'A',14,0,17,1),(1632,'B',14,0,17,1),(1633,'C',14,0,17,1),(1634,'D',14,0,17,1),(1635,'E',14,0,17,1),(1636,'A',13,0,17,1),(1637,'B',13,0,17,1),(1638,'C',13,0,17,1),(1639,'D',13,0,17,1),(1640,'E',13,0,17,1),(1641,'A',12,0,17,1),(1642,'B',12,0,17,1),(1643,'C',12,0,17,1),(1644,'D',12,0,17,1),(1645,'E',12,0,17,1),(1646,'A',11,0,17,1),(1647,'B',11,0,17,1),(1648,'C',11,0,17,1),(1649,'D',11,0,17,1),(1650,'E',11,0,17,1),(1651,'A',10,0,17,1),(1652,'B',10,0,17,1),(1653,'C',10,0,17,1),(1654,'D',10,0,17,1),(1655,'E',10,0,17,1),(1656,'A',9,0,17,1),(1657,'B',9,0,17,1),(1658,'C',9,0,17,1),(1659,'D',9,0,17,1),(1660,'E',9,0,17,1),(1661,'A',8,0,17,1),(1662,'B',8,0,17,1),(1663,'C',8,0,17,1),(1664,'D',8,0,17,1),(1665,'E',8,0,17,1),(1666,'A',7,0,17,1),(1667,'B',7,0,17,1),(1668,'C',7,0,17,1),(1669,'D',7,0,17,1),(1670,'E',7,0,17,1),(1671,'A',6,0,17,1),(1672,'B',6,0,17,1),(1673,'C',6,0,17,1),(1674,'D',6,0,17,1),(1675,'E',6,0,17,1),(1676,'A',5,0,17,1),(1677,'B',5,0,17,1),(1678,'C',5,0,17,1),(1679,'D',5,0,17,1),(1680,'E',5,0,17,1),(1681,'A',4,1,17,1),(1682,'B',4,0,17,1),(1683,'C',4,0,17,1),(1684,'D',4,0,17,1),(1685,'E',4,0,17,1),(1686,'A',3,1,17,1),(1687,'B',3,0,17,1),(1688,'C',3,0,17,1),(1689,'D',3,0,17,1),(1690,'E',3,0,17,1),(1691,'A',2,1,17,1),(1692,'B',2,0,17,1),(1693,'C',2,0,17,1),(1694,'D',2,0,17,1),(1695,'E',2,0,17,1),(1696,'A',1,1,17,1),(1697,'B',1,0,17,1),(1698,'C',1,0,17,1),(1699,'D',1,0,17,1),(1700,'E',1,0,17,1),(1701,'A',20,1,18,1),(1702,'B',20,0,18,1),(1703,'C',20,0,18,1),(1704,'D',20,0,18,1),(1705,'E',20,0,18,1),(1706,'A',19,1,18,1),(1707,'B',19,0,18,1),(1708,'C',19,0,18,1),(1709,'D',19,0,18,1),(1710,'E',19,0,18,1),(1711,'A',18,1,18,1),(1712,'B',18,0,18,1),(1713,'C',18,0,18,1),(1714,'D',18,0,18,1),(1715,'E',18,0,18,1),(1716,'A',17,1,18,1),(1717,'B',17,0,18,1),(1718,'C',17,0,18,1),(1719,'D',17,0,18,1),(1720,'E',17,0,18,1),(1721,'A',16,0,18,1),(1722,'B',16,0,18,1),(1723,'C',16,0,18,1),(1724,'D',16,0,18,1),(1725,'E',16,0,18,1),(1726,'A',15,0,18,1),(1727,'B',15,0,18,1),(1728,'C',15,0,18,1),(1729,'D',15,0,18,1),(1730,'E',15,0,18,1),(1731,'A',14,0,18,1),(1732,'B',14,0,18,1),(1733,'C',14,0,18,1),(1734,'D',14,0,18,1),(1735,'E',14,0,18,1),(1736,'A',13,0,18,1),(1737,'B',13,0,18,1),(1738,'C',13,0,18,1),(1739,'D',13,0,18,1),(1740,'E',13,0,18,1),(1741,'A',12,0,18,1),(1742,'B',12,0,18,1),(1743,'C',12,0,18,1),(1744,'D',12,0,18,1),(1745,'E',12,0,18,1),(1746,'A',11,0,18,1),(1747,'B',11,0,18,1),(1748,'C',11,0,18,1),(1749,'D',11,0,18,1),(1750,'E',11,0,18,1),(1751,'A',10,0,18,1),(1752,'B',10,0,18,1),(1753,'C',10,0,18,1),(1754,'D',10,0,18,1),(1755,'E',10,0,18,1),(1756,'A',9,0,18,1),(1757,'B',9,0,18,1),(1758,'C',9,0,18,1),(1759,'D',9,0,18,1),(1760,'E',9,0,18,1),(1761,'A',8,0,18,1),(1762,'B',8,0,18,1),(1763,'C',8,0,18,1),(1764,'D',8,0,18,1),(1765,'E',8,0,18,1),(1766,'A',7,0,18,1),(1767,'B',7,0,18,1),(1768,'C',7,0,18,1),(1769,'D',7,0,18,1),(1770,'E',7,0,18,1),(1771,'A',6,0,18,1),(1772,'B',6,0,18,1),(1773,'C',6,0,18,1),(1774,'D',6,0,18,1),(1775,'E',6,0,18,1),(1776,'A',5,0,18,1),(1777,'B',5,0,18,1),(1778,'C',5,0,18,1),(1779,'D',5,0,18,1),(1780,'E',5,0,18,1),(1781,'A',4,1,18,1),(1782,'B',4,0,18,1),(1783,'C',4,0,18,1),(1784,'D',4,0,18,1),(1785,'E',4,0,18,1),(1786,'A',3,1,18,1),(1787,'B',3,0,18,1),(1788,'C',3,0,18,1),(1789,'D',3,0,18,1),(1790,'E',3,0,18,1),(1791,'A',2,1,18,1),(1792,'B',2,0,18,1),(1793,'C',2,0,18,1),(1794,'D',2,0,18,1),(1795,'E',2,0,18,1),(1796,'A',1,1,18,1),(1797,'B',1,0,18,1),(1798,'C',1,0,18,1),(1799,'D',1,0,18,1),(1800,'E',1,0,18,1),(1801,'A',20,1,19,1),(1802,'B',20,0,19,1),(1803,'C',20,0,19,1),(1804,'D',20,0,19,1),(1805,'E',20,0,19,1),(1806,'A',19,1,19,1),(1807,'B',19,0,19,1),(1808,'C',19,0,19,1),(1809,'D',19,0,19,1),(1810,'E',19,0,19,1),(1811,'A',18,1,19,1),(1812,'B',18,0,19,1),(1813,'C',18,0,19,1),(1814,'D',18,0,19,1),(1815,'E',18,0,19,1),(1816,'A',17,1,19,1),(1817,'B',17,0,19,1),(1818,'C',17,0,19,1),(1819,'D',17,0,19,1),(1820,'E',17,0,19,1),(1821,'A',16,0,19,1),(1822,'B',16,0,19,1),(1823,'C',16,0,19,1),(1824,'D',16,0,19,1),(1825,'E',16,0,19,1),(1826,'A',15,0,19,1),(1827,'B',15,0,19,1),(1828,'C',15,0,19,1),(1829,'D',15,0,19,1),(1830,'E',15,0,19,1),(1831,'A',14,0,19,1),(1832,'B',14,0,19,1),(1833,'C',14,0,19,1),(1834,'D',14,0,19,1),(1835,'E',14,0,19,1),(1836,'A',13,0,19,1),(1837,'B',13,0,19,1),(1838,'C',13,0,19,1),(1839,'D',13,0,19,1),(1840,'E',13,0,19,1),(1841,'A',12,0,19,1),(1842,'B',12,0,19,1),(1843,'C',12,0,19,1),(1844,'D',12,0,19,1),(1845,'E',12,0,19,1),(1846,'A',11,0,19,1),(1847,'B',11,0,19,1),(1848,'C',11,0,19,1),(1849,'D',11,0,19,1),(1850,'E',11,0,19,1),(1851,'A',10,0,19,1),(1852,'B',10,0,19,1),(1853,'C',10,0,19,1),(1854,'D',10,0,19,1),(1855,'E',10,0,19,1),(1856,'A',9,0,19,1),(1857,'B',9,0,19,1),(1858,'C',9,0,19,1),(1859,'D',9,0,19,1),(1860,'E',9,0,19,1),(1861,'A',8,0,19,1),(1862,'B',8,0,19,1),(1863,'C',8,0,19,1),(1864,'D',8,0,19,1),(1865,'E',8,0,19,1),(1866,'A',7,0,19,1),(1867,'B',7,0,19,1),(1868,'C',7,0,19,1),(1869,'D',7,0,19,1),(1870,'E',7,0,19,1),(1871,'A',6,0,19,1),(1872,'B',6,0,19,1),(1873,'C',6,0,19,1),(1874,'D',6,0,19,1),(1875,'E',6,0,19,1),(1876,'A',5,0,19,1),(1877,'B',5,0,19,1),(1878,'C',5,0,19,1),(1879,'D',5,0,19,1),(1880,'E',5,0,19,1),(1881,'A',4,1,19,1),(1882,'B',4,0,19,1),(1883,'C',4,0,19,1),(1884,'D',4,0,19,1),(1885,'E',4,0,19,1),(1886,'A',3,1,19,1),(1887,'B',3,0,19,1),(1888,'C',3,0,19,1),(1889,'D',3,0,19,1),(1890,'E',3,0,19,1),(1891,'A',2,1,19,1),(1892,'B',2,0,19,1),(1893,'C',2,0,19,1),(1894,'D',2,0,19,1),(1895,'E',2,0,19,1),(1896,'A',1,1,19,1),(1897,'B',1,0,19,1),(1898,'C',1,0,19,1),(1899,'D',1,0,19,1),(1900,'E',1,0,19,1),(1901,'A',20,1,20,1),(1902,'B',20,0,20,1),(1903,'C',20,0,20,1),(1904,'D',20,0,20,1),(1905,'E',20,0,20,1),(1906,'A',19,1,20,1),(1907,'B',19,0,20,1),(1908,'C',19,0,20,1),(1909,'D',19,0,20,1),(1910,'E',19,0,20,1),(1911,'A',18,1,20,1),(1912,'B',18,0,20,1),(1913,'C',18,0,20,1),(1914,'D',18,0,20,1),(1915,'E',18,0,20,1),(1916,'A',17,1,20,1),(1917,'B',17,0,20,1),(1918,'C',17,0,20,1),(1919,'D',17,0,20,1),(1920,'E',17,0,20,1),(1921,'A',16,0,20,1),(1922,'B',16,0,20,1),(1923,'C',16,0,20,1),(1924,'D',16,0,20,1),(1925,'E',16,0,20,1),(1926,'A',15,0,20,1),(1927,'B',15,0,20,1),(1928,'C',15,0,20,1),(1929,'D',15,0,20,1),(1930,'E',15,0,20,1),(1931,'A',14,0,20,1),(1932,'B',14,0,20,1),(1933,'C',14,0,20,1),(1934,'D',14,0,20,1),(1935,'E',14,0,20,1),(1936,'A',13,0,20,1),(1937,'B',13,0,20,1),(1938,'C',13,0,20,1),(1939,'D',13,0,20,1),(1940,'E',13,0,20,1),(1941,'A',12,0,20,1),(1942,'B',12,0,20,1),(1943,'C',12,0,20,1),(1944,'D',12,0,20,1),(1945,'E',12,0,20,1),(1946,'A',11,0,20,1),(1947,'B',11,0,20,1),(1948,'C',11,0,20,1),(1949,'D',11,0,20,1),(1950,'E',11,0,20,1),(1951,'A',10,0,20,1),(1952,'B',10,0,20,1),(1953,'C',10,0,20,1),(1954,'D',10,0,20,1),(1955,'E',10,0,20,1),(1956,'A',9,0,20,1),(1957,'B',9,0,20,1),(1958,'C',9,0,20,1),(1959,'D',9,0,20,1),(1960,'E',9,0,20,1),(1961,'A',8,0,20,1),(1962,'B',8,0,20,1),(1963,'C',8,0,20,1),(1964,'D',8,0,20,1),(1965,'E',8,0,20,1),(1966,'A',7,0,20,1),(1967,'B',7,0,20,1),(1968,'C',7,0,20,1),(1969,'D',7,0,20,1),(1970,'E',7,0,20,1),(1971,'A',6,0,20,1),(1972,'B',6,0,20,1),(1973,'C',6,0,20,1),(1974,'D',6,0,20,1),(1975,'E',6,0,20,1),(1976,'A',5,0,20,1),(1977,'B',5,0,20,1),(1978,'C',5,0,20,1),(1979,'D',5,0,20,1),(1980,'E',5,0,20,1),(1981,'A',4,1,20,1),(1982,'B',4,0,20,1),(1983,'C',4,0,20,1),(1984,'D',4,0,20,1),(1985,'E',4,0,20,1),(1986,'A',3,1,20,1),(1987,'B',3,0,20,1),(1988,'C',3,0,20,1),(1989,'D',3,0,20,1),(1990,'E',3,0,20,1),(1991,'A',2,1,20,1),(1992,'B',2,0,20,1),(1993,'C',2,0,20,1),(1994,'D',2,0,20,1),(1995,'E',2,0,20,1),(1996,'A',1,1,20,1),(1997,'B',1,0,20,1),(1998,'C',1,0,20,1),(1999,'D',1,0,20,1),(2000,'E',1,0,20,1),(2001,'A',20,1,21,1),(2002,'B',20,0,21,1),(2003,'C',20,0,21,1),(2004,'D',20,0,21,1),(2005,'E',20,0,21,1),(2006,'A',19,1,21,1),(2007,'B',19,0,21,1),(2008,'C',19,0,21,1),(2009,'D',19,0,21,1),(2010,'E',19,0,21,1),(2011,'A',18,1,21,1),(2012,'B',18,0,21,1),(2013,'C',18,0,21,1),(2014,'D',18,0,21,1),(2015,'E',18,0,21,1),(2016,'A',17,1,21,1),(2017,'B',17,0,21,1),(2018,'C',17,0,21,1),(2019,'D',17,0,21,1),(2020,'E',17,0,21,1),(2021,'A',16,0,21,1),(2022,'B',16,0,21,1),(2023,'C',16,0,21,1),(2024,'D',16,0,21,1),(2025,'E',16,0,21,1),(2026,'A',15,0,21,1),(2027,'B',15,0,21,1),(2028,'C',15,0,21,1),(2029,'D',15,0,21,1),(2030,'E',15,0,21,1),(2031,'A',14,0,21,1),(2032,'B',14,0,21,1),(2033,'C',14,0,21,1),(2034,'D',14,0,21,1),(2035,'E',14,0,21,1),(2036,'A',13,0,21,1),(2037,'B',13,0,21,1),(2038,'C',13,0,21,1),(2039,'D',13,0,21,1),(2040,'E',13,0,21,1),(2041,'A',12,0,21,1),(2042,'B',12,0,21,1),(2043,'C',12,0,21,1),(2044,'D',12,0,21,1),(2045,'E',12,0,21,1),(2046,'A',11,0,21,1),(2047,'B',11,0,21,1),(2048,'C',11,0,21,1),(2049,'D',11,0,21,1),(2050,'E',11,0,21,1),(2051,'A',10,0,21,1),(2052,'B',10,0,21,1),(2053,'C',10,0,21,1),(2054,'D',10,0,21,1),(2055,'E',10,0,21,1),(2056,'A',9,0,21,1),(2057,'B',9,0,21,1),(2058,'C',9,0,21,1),(2059,'D',9,0,21,1),(2060,'E',9,0,21,1),(2061,'A',8,0,21,1),(2062,'B',8,0,21,1),(2063,'C',8,0,21,1),(2064,'D',8,0,21,1),(2065,'E',8,0,21,1),(2066,'A',7,0,21,1),(2067,'B',7,0,21,1),(2068,'C',7,0,21,1),(2069,'D',7,0,21,1),(2070,'E',7,0,21,1),(2071,'A',6,0,21,1),(2072,'B',6,0,21,1),(2073,'C',6,0,21,1),(2074,'D',6,0,21,1),(2075,'E',6,0,21,1),(2076,'A',5,0,21,1),(2077,'B',5,0,21,1),(2078,'C',5,0,21,1),(2079,'D',5,0,21,1),(2080,'E',5,0,21,1),(2081,'A',4,1,21,1),(2082,'B',4,0,21,1),(2083,'C',4,0,21,1),(2084,'D',4,0,21,1),(2085,'E',4,0,21,1),(2086,'A',3,1,21,1),(2087,'B',3,0,21,1),(2088,'C',3,0,21,1),(2089,'D',3,0,21,1),(2090,'E',3,0,21,1),(2091,'A',2,1,21,1),(2092,'B',2,0,21,1),(2093,'C',2,0,21,1),(2094,'D',2,0,21,1),(2095,'E',2,0,21,1),(2096,'A',1,1,21,1),(2097,'B',1,0,21,1),(2098,'C',1,0,21,1),(2099,'D',1,0,21,1),(2100,'E',1,0,21,1);
UNLOCK TABLES;

DROP TABLE IF EXISTS `utilisateurs`;
CREATE TABLE `utilisateurs` (
                              `idUtilisateurs` int NOT NULL AUTO_INCREMENT,
                              `nom` varchar(255) NOT NULL,
                              `prenom` varchar(255) NOT NULL,
                              `pseudo` varchar(255) DEFAULT NULL,
                              `email` varchar(255) NOT NULL,
                              `mdp` varchar(255) NOT NULL,
                              `role` varchar(20) DEFAULT 'client',
                              PRIMARY KEY (`idUtilisateurs`),
                              UNIQUE KEY `email` (`email`),
                              UNIQUE KEY `mdp` (`mdp`),
                              UNIQUE KEY `pseudo` (`pseudo`)
) ENGINE=InnoDB AUTO_INCREMENT=14 DEFAULT CHARSET=utf8mb4 COLLATE=utf8mb4_0900_ai_ci;
LOCK TABLES `utilisateurs` WRITE;
INSERT INTO `utilisateurs` VALUES (1,'Rolin','Christelle','admin','admin@cine.fr','$2y$10$F7YOoHXkdJ/pHa2o9PDnRO2Bgu26IPoiCG0oMaTSAXAPQO/Xcmza2','admin'),(2,'Dupond','Maurice','Momo','momo@gmail.com','$2y$10$pD3Egumb9MdCibjPQHvT1.C3L0WYVdq1xdlYOAgJuyPVmmv2K7v2y','client'),(3,'Arcane','Alisson','Lili_69','lili@gmail.com','$2y$10$9Wi9.TzIaL9A.TkBUm/Jl.xaA7OM5UrD/6EM85dcxqB24EoKRa.MS','employe'),(4,'Jacob','Killian','Hydra','kikidu42@gmail.com','$2y$10$Hc0VetjhehRloGtavHFqeOStWgq/4Y1n0fh/c3901rP3H/dY6SUl6','client'),(5,'Jambon','Patrick','Jiji','patou@herta.fr','$2y$10$RAG5yJUhAr8WEPfpSQ54VObxDgo7Q.B1TN4A4k.TRoIvuTZH42fwO','employe'),(6,'Dupond','Christelle','chris971','christelle@test.fr','$2y$10$0ArpcxIgWpp66.IoCtDAmuLgRVnIGPhVEC6EOq69FTP2Bf6xu3axC','client'),(7,'Smis','Léonie','Lélé','lele@gmail.com','$2y$10$CoCmdOSgVt7zXcyIytbe3OjHfMbmZPu2egzeSZ20LM8AqOVeWUQcK','client'),(8,'Dupond','Marc','Pseudo','ex@mple.com','$2y$10$eC9xSo2VJGWREzTzBOxItOqxaJqNsgRswrXiKjBsPaCNA40BIsEi.','client'),(9,'Duponto','Marco','Pseudoo','exemplo@domaine.com','$2y$10$pAMCAradDQMEIz3o6RTZIuKfBJq5VPDQrqn0eiKs2w4YIri1KrR8K','client'),(10,'Gentille','Alouette','Alouette','je@plumerai.fr','$2y$10$PmgKihrYR2TF65a3KYPro.nvOBS8e/5XxitDoNLvSv40CxSqxXEYy','client'),(13,'test','test','pseudi','exaa@mple.fr','$2y$10$Ww3UUp4nmJRBAhkbs3C/ZeO30hjyhKDylaLfOFHDnW5YPcylUFedy','employe');
UNLOCK TABLES;
